{"cameraMode":{"drawMode":0,"name":"Shaded","section":"Shading Mode"},"sceneLighting":true,"audioPlay":false,"sceneViewState":{"showFog":true,"showMaterialUpdate":false,"showSkybox":true,"showFlares":true,"showImageEffects":true,"showParticleSystems":true},"in2DMode":false,"pivot":{"x":11.0977783203125,"y":2.53515625,"z":2.3251953125},"rotation":{"x":-0.7056922316551209,"y":0.03441433981060982,"z":-0.034276507794857028,"w":-0.706951916217804},"size":18.650426864624025,"orthographic":true}